feature,coef
log_instagram_spend,66341.74089892603
log_average_price,-35286.25226497641
revenue_lag1,15590.237562153252
log_sms_send,14832.365310688878
promotions,8453.075234282558
log_google_spend,-8253.541902299066
log_tiktok_spend,-4453.958278091575
log_emails_send,3851.753778370242
google_spend_lag1,3758.2952575810605
log_facebook_spend,-1472.1326801963642
social_followers,-864.0071305899166
log_snapchat_spend,614.046065656373
