{"baseline_cv": {"rmse": 77488.31461429874, "r2": -3.108889574529101, "mape": 6743.9647834965635}, "med_stage1_cv": {"rmse": 4.481058438070306, "r2": -0.3362771003546037, "mape": 8076506482107938.0}, "med_stage2_cv": {"rmse": 87336.97548901786, "r2": -1.1344034110084773, "mape": 3047.9940403957758}}